id,first_name
1,bgliddon0@wired.com
2,apetraitis1@baidu.com
3,ghampson2@angelfire.com
4,mpantone3@hao123.com
5,probbings4@tiny.cc
6,cdenholm5@is.gd
7,nmattevi6@google.co.uk
8,gthumim7@nps.gov
9,tlever8@freewebs.com
10,mlashley9@huffingtonpost.com
11,fhuyghea@cbsnews.com
12,jhonatschb@latimes.com
13,lesseryc@ocn.ne.jp
14,dmicheld@who.int
15,mdiacke@last.fm
16,wantognozziif@stanford.edu
17,mheinzelg@engadget.com
18,thadnyh@mayoclinic.com
19,ccockreni@sohu.com
20,rboddyj@reuters.com
21,vjocelynk@soundcloud.com
22,imcalindenl@youtube.com
23,gdossantosm@google.it
24,jreadheadn@nymag.com
25,mstitcho@xrea.com
26,mdominicop@chronoengine.com
27,lisonq@sbwire.com
28,tcrawshayr@sbwire.com
29,bromis@answers.com
30,bfoulist@privacy.gov.au
31,kkarpychevu@cbsnews.com
32,nbruhkev@trellian.com
33,gemmensw@bravesites.com
34,amouldx@multiply.com
35,jdarey@psu.edu
36,restevezz@fda.gov
37,falvarez10@mlb.com
38,amachoste11@berkeley.edu
39,bcod12@bing.com
40,nalejo13@dailymail.co.uk
41,rbrinsford14@bbb.org
42,lbust15@independent.co.uk
43,mgregson16@craigslist.org
44,cdugue17@si.edu
45,aleadstone18@telegraph.co.uk
46,cfroom19@umich.edu
47,mprime1a@people.com.cn
48,dbroadhead1b@blogspot.com
49,aboller1c@indiegogo.com
50,ksaur1d@discuz.net
51,abiddles1e@sakura.ne.jp
52,ffeben1f@earthlink.net
53,brecord1g@barnesandnoble.com
54,ogelland1h@java.com
55,atrainor1i@slashdot.org
56,bcolborn1j@wordpress.com
57,btierny1k@storify.com
58,dpottage1l@soundcloud.com
59,bnelsen1m@newyorker.com
60,kworling1n@mapquest.com
61,cstedmond1o@comsenz.com
62,cfoxten1p@adobe.com
63,nstooders1q@seattletimes.com
64,rfozard1r@woothemes.com
65,atattersall1s@loc.gov
66,ghalloran1t@arizona.edu
67,mjosupeit1u@gmpg.org
68,kreaditt1v@nih.gov
69,jstrathman1w@imgur.com
70,dfelce1x@hugedomains.com
71,bkobera1y@hibu.com
72,lickovits1z@smh.com.au
73,ademcik20@psu.edu
74,rhysom21@freewebs.com
75,mallum22@gravatar.com
76,bricardo23@prnewswire.com
77,hlunny24@apple.com
78,ciozefovich25@soundcloud.com
79,cbrattell26@furl.net
80,sbaudins27@sciencedirect.com
81,kegel28@mail.ru
82,rcerman29@eventbrite.com
83,mpadley2a@state.gov
84,aportigall2b@multiply.com
85,abrumfield2c@hud.gov
86,lskingley2d@tmall.com
87,erennox2e@ibm.com
88,bsanderson2f@cafepress.com
89,emcilenna2g@example.com
90,cdoick2h@mozilla.org
91,asimeoni2i@techcrunch.com
92,sgaratty2j@oaic.gov.au
93,aselbie2k@biblegateway.com
94,lhonnan2l@sohu.com
95,hhanbury2m@epa.gov
96,gveel2n@mayoclinic.com
97,rnunesnabarro2o@newyorker.com
98,mimesen2p@istockphoto.com
99,caronin2q@amazon.de
100,kcrathorne2r@cnn.com
